{"C1": {"mean": {"cycle_time": 2.8902282157676353, "cadence": 41.80920059932816, "cadence_adm": 34.38554634944836, "length_cycle": 0.8216410673519476, "length_cycle_adm": 1.000760300274668, "walking_speed": 0.2854890611564221, "walking_speed_adm": 0.10057218945646687, "step_length": 0.4095241131192072, "step_length_adm": 0.49885168257552376, "step_width": 0.1460414265219728, "step_width_adm": 0.177170517530112, "stance_phase_sec": 2.154771784232365, "stance_phase_perc": 74.56755042219274, "swing_phase_sec": 0.7354564315352697, "swing_phase_perc": 25.432449577807265, "simple_stance_sec": 0.7323236514522822, "simple_stance_perc": 25.310866168803916, "double_stance_sec": 1.422448132780083, "double_stance_perc": 49.25668425338882, "percentage_CTFO": 24.599696270102868, "percentage_CTFS": 49.91056243890678}, "std": {"cycle_time": 0.2432622123022006, "cadence": 3.505788347700198, "cadence_adm": 3.441805366074923, "length_cycle": 0.15137001558761973, "length_cycle_adm": 0.18453145563418705, "walking_speed": 0.05404742009098627, "walking_speed_adm": 0.01896403305941516, "step_length": 0.07823625416950869, "step_length_adm": 0.09560207323672686, "step_width": 0.046186392274502656, "step_width_adm": 0.052624454105893746, "stance_phase_sec": 0.23532190760683774, "stance_phase_perc": 5.479985999904483, "swing_phase_sec": 0.1769072100420427, "swing_phase_perc": 5.479985999904482, "simple_stance_sec": 0.17496649062920144, "simple_stance_perc": 5.355849976115125, "double_stance_sec": 0.31193716519137926, "double_stance_perc": 10.107118135171497, "percentage_CTFO": 5.383789237806631, "percentage_CTFS": 2.3919711948909548}}, "C2": {"mean": {"cycle_time": 1.6840570175438596, "cadence": 71.70287557979867, "cadence_adm": 58.90558167856502, "length_cycle": 1.0227065266933721, "length_cycle_adm": 1.2437612157417386, "walking_speed": 0.6106498247967144, "walking_speed_adm": 0.21498443776582005, "step_length": 0.5102310042659979, "step_length_adm": 0.6205813769465435, "step_width": 0.10212370588514322, "step_width_adm": 0.12468266835556778, "stance_phase_sec": 1.1514912280701752, "stance_phase_perc": 68.3609955543283, "swing_phase_sec": 0.5325657894736843, "swing_phase_perc": 31.639004445671695, "simple_stance_sec": 0.5395833333333333, "simple_stance_perc": 32.05739478001836, "double_stance_sec": 0.611907894736842, "double_stance_perc": 36.30360077430994, "percentage_CTFO": 17.927890549884992, "percentage_CTFS": 49.985285329903355}, "std": {"cycle_time": 0.15099810122501903, "cadence": 5.07989127667179, "cadence_adm": 5.078357401070281, "length_cycle": 0.11986734704143891, "length_cycle_adm": 0.12173439957743186, "walking_speed": 0.08207484868381519, "walking_speed_adm": 0.026998604259681196, "step_length": 0.06167892967713084, "step_length_adm": 0.06408823106970274, "step_width": 0.042418704440120664, "step_width_adm": 0.051886494644669594, "stance_phase_sec": 0.1169193938570302, "stance_phase_perc": 2.924188816900073, "swing_phase_sec": 0.06640680757872482, "swing_phase_perc": 2.924188816900073, "simple_stance_sec": 0.06792379684884065, "simple_stance_perc": 3.0174382832509754, "double_stance_sec": 0.10581181710672734, "double_stance_perc": 5.168296733212155, "percentage_CTFO": 2.7566566663844045, "percentage_CTFS": 1.486917988837328}}, "C3": {"mean": {"cycle_time": 1.2036036036036035, "cadence": 100.08024823368804, "cadence_adm": 82.26842130445662, "length_cycle": 1.1875197865092244, "length_cycle_adm": 1.4433985601630088, "walking_speed": 0.9891068285975938, "walking_speed_adm": 0.3482890174767552, "step_length": 0.5916436548656414, "step_length_adm": 0.7192423289433205, "step_width": 0.08972059110428945, "step_width_adm": 0.10921439185000532, "stance_phase_sec": 0.7807882882882883, "stance_phase_perc": 64.85872489037682, "swing_phase_sec": 0.4228153153153153, "swing_phase_perc": 35.14127510962318, "simple_stance_sec": 0.4276351351351351, "simple_stance_perc": 35.54879763476721, "double_stance_sec": 0.3531531531531531, "double_stance_perc": 29.309927255609608, "percentage_CTFO": 14.414450380272479, "percentage_CTFS": 49.96324801503969}, "std": {"cycle_time": 0.07758509182504413, "cadence": 5.926058641202692, "cadence_adm": 5.1904068109445705, "length_cycle": 0.12039453197057781, "length_cycle_adm": 0.12987338736778514, "walking_speed": 0.1057600753536877, "walking_speed_adm": 0.03652736397983036, "step_length": 0.062130018272874336, "step_length_adm": 0.06865720235879476, "step_width": 0.03823159187180954, "step_width_adm": 0.045769997675503236, "stance_phase_sec": 0.05738725921747324, "stance_phase_perc": 1.905864844440657, "swing_phase_sec": 0.03355716031913845, "swing_phase_perc": 1.9058648444406578, "simple_stance_sec": 0.034262398028676165, "simple_stance_perc": 2.091815705687042, "double_stance_sec": 0.047561851280883, "double_stance_perc": 3.211256687721594, "percentage_CTFO": 1.8266071101792614, "percentage_CTFS": 1.2765053180964412}}, "C4": {"mean": {"cycle_time": 1.12012987012987, "cadence": 107.9283996631416, "cadence_adm": 88.65438232173533, "length_cycle": 1.281735417791769, "length_cycle_adm": 1.5582804229265237, "walking_speed": 1.1540442350869036, "walking_speed_adm": 0.4066268488216434, "step_length": 0.6398575750648149, "step_length_adm": 0.777938430032134, "step_width": 0.08571970242299423, "step_width_adm": 0.10418577629672282, "stance_phase_sec": 0.7167099567099567, "stance_phase_perc": 63.920871672981505, "swing_phase_sec": 0.4034199134199134, "swing_phase_perc": 36.079128327018495, "simple_stance_sec": 0.41036796536796544, "simple_stance_perc": 36.70312141050397, "double_stance_sec": 0.3063419913419913, "double_stance_perc": 27.21775026247754, "percentage_CTFO": 13.40954714965679, "percentage_CTFS": 50.112668560160756}, "std": {"cycle_time": 0.09898611787527463, "cadence": 9.08848822591882, "cadence_adm": 6.570969608600253, "length_cycle": 0.12373895624090686, "length_cycle_adm": 0.13946858196474587, "walking_speed": 0.15429583006561853, "walking_speed_adm": 0.05599827349873144, "step_length": 0.06406376763041911, "step_length_adm": 0.07254097906503472, "step_width": 0.03563563850748094, "step_width_adm": 0.04235504682115237, "stance_phase_sec": 0.07525424631989622, "stance_phase_perc": 1.890472268065941, "swing_phase_sec": 0.03354897359726126, "swing_phase_perc": 1.8904722680659416, "simple_stance_sec": 0.035206178308620314, "simple_stance_perc": 2.098571797422571, "double_stance_sec": 0.05666637316007446, "double_stance_perc": 3.221414862337471, "percentage_CTFO": 1.7665705866544708, "percentage_CTFS": 1.2995676841816497}}, "C5": {"mean": {"cycle_time": 0.9443891402714932, "cadence": 128.15047436514791, "cadence_adm": 104.84304482080198, "length_cycle": 1.512022003870265, "length_cycle_adm": 1.8444721204687378, "walking_speed": 1.6146118307640227, "walking_speed_adm": 0.5700240500056662, "step_length": 0.75492463925421, "step_length_adm": 0.9209977376136743, "step_width": 0.08250114356185614, "step_width_adm": 0.10070895797623625, "stance_phase_sec": 0.5813348416289594, "stance_phase_perc": 61.52570658446814, "swing_phase_sec": 0.36305429864253386, "swing_phase_perc": 38.47429341553186, "simple_stance_sec": 0.37049773755656107, "simple_stance_perc": 39.28409781813519, "double_stance_sec": 0.2108371040723982, "double_stance_perc": 22.24160876633296, "percentage_CTFO": 10.82288269848989, "percentage_CTFS": 50.106980516625065}, "std": {"cycle_time": 0.08479793746789116, "cadence": 12.155387208715029, "cadence_adm": 8.387754788148213, "length_cycle": 0.16262714757813798, "length_cycle_adm": 0.18216253769690657, "walking_speed": 0.2310105186080166, "walking_speed_adm": 0.08548118690712649, "step_length": 0.0863681531727808, "step_length_adm": 0.09838870253329224, "step_width": 0.032838024941616216, "step_width_adm": 0.03953406265111692, "stance_phase_sec": 0.057388736408844884, "stance_phase_perc": 1.7026212348106935, "swing_phase_sec": 0.03361266920813383, "swing_phase_perc": 1.7026212348106933, "simple_stance_sec": 0.03417715683289048,